﻿<?xml version="1.0" encoding="utf-8" ?>
<Defs>

  <!-- spouse / lover -->
	<PawnRelationDef>
    <defName>Placeholder2</defName>
    <importance>220</importance>
    <opinionOffset>0</opinionOffset>
    <generationChanceFactor>1</generationChanceFactor>
    <implied>false</implied>
	
  </PawnRelationDef>
  
  <PawnRelationDef>
    <workerClass>PawnRelationWorker_Spouse</workerClass>
    <defName>Spouse</defName>
    <label>husband</label>
    <labelFemale>wife</labelFemale>
    <importance>210</importance>
    <diedThought>MyHusbandDied</diedThought>
    <diedThoughtFemale>MyWifeDied</diedThoughtFemale>
    <killedThought>KilledMySpouse</killedThought>
    <soldThought>SoldMyLovedOne</soldThought>
    <opinionOffset>0</opinionOffset>
    <generationChanceFactor>0</generationChanceFactor>
    <implied>false</implied>
    <reflexive>true</reflexive>
  </PawnRelationDef>
  
  <PawnRelationDef>
    <workerClass>PawnRelationWorker_Fiance</workerClass>
    <defName>Fiance</defName>
    <label>fiance</label>
    <labelFemale>fiancée</labelFemale>
    <importance>205</importance>
    <diedThought>MyFianceDied</diedThought>
    <diedThoughtFemale>MyFianceeDied</diedThoughtFemale>
    <killedThought>KilledMyFiance</killedThought>
    <soldThought>SoldMyLovedOne</soldThought>
    <opinionOffset>0</opinionOffset>
    <generationChanceFactor>0</generationChanceFactor>
    <implied>false</implied>
    <reflexive>true</reflexive>
  </PawnRelationDef>
  
  <PawnRelationDef>
    <workerClass>PawnRelationWorker_Lover</workerClass>
    <defName>Lover</defName>
    <label>lover</label>
    <importance>200</importance>
    <diedThought>MyLoverDied</diedThought>
    <killedThought>KilledMyLover</killedThought>
    <soldThought>SoldMyLovedOne</soldThought>
    <opinionOffset>0</opinionOffset>
    <generationChanceFactor>0</generationChanceFactor>
    <implied>false</implied>
    <reflexive>true</reflexive>
  </PawnRelationDef>
  
  <!-- step family -->
  
  <PawnRelationDef>
    <workerClass>PawnRelationWorker_Stepparent</workerClass>
    <defName>Stepparent</defName>
    <label>stepfather</label>
    <labelFemale>stepmother</labelFemale>
    <importance>150</importance>
    <opinionOffset>0</opinionOffset>
    <implied>true</implied>
  </PawnRelationDef>
  
  <PawnRelationDef>
    <workerClass>PawnRelationWorker_Stepchild</workerClass>
    <defName>Stepchild</defName>
    <label>stepson</label>
    <labelFemale>stepdaughter</labelFemale>
    <importance>145</importance>
    <opinionOffset>0</opinionOffset>
    <implied>true</implied>
  </PawnRelationDef>
  
  <!-- in-law -->
  
  <PawnRelationDef>
    <workerClass>PawnRelationWorker_ParentInLaw</workerClass>
    <defName>ParentInLaw</defName>
    <label>father-in-law</label>
    <labelFemale>mother-in-law</labelFemale>
    <importance>140</importance>
    <opinionOffset>0</opinionOffset>
    <implied>true</implied>
  </PawnRelationDef>
  
  <PawnRelationDef>
    <workerClass>PawnRelationWorker_ChildInLaw</workerClass>
    <defName>ChildInLaw</defName>
    <label>son-in-law</label>
    <labelFemale>daughter-in-law</labelFemale>
    <importance>135</importance>
    <opinionOffset>0</opinionOffset>
    <implied>true</implied>
  </PawnRelationDef>
  
  <!-- ex-lover / ex-spouse -->
  
  <PawnRelationDef>
    <defName>ExSpouse</defName>
    <workerClass>PawnRelationWorker_ExSpouse</workerClass>
    <label>ex-husband</label>
    <labelFemale>ex-wife</labelFemale>
    <importance>130</importance>
    <opinionOffset>0</opinionOffset>
    <generationChanceFactor>0</generationChanceFactor>
    <implied>false</implied>
    <reflexive>true</reflexive>
  </PawnRelationDef>
  
  <PawnRelationDef>
    <defName>ExLover</defName>
    <workerClass>PawnRelationWorker_ExLover</workerClass>
    <label>ex-lover</label>
    <importance>125</importance>
    <opinionOffset>0</opinionOffset>
    <generationChanceFactor>0</generationChanceFactor>
    <implied>false</implied>
    <reflexive>true</reflexive>
  </PawnRelationDef>
  
</Defs>