﻿<?xml version="1.0" encoding="utf-8" ?>
<Defs>

  <!-- Random social interactions -->

  <InteractionDef>
    <defName>Chitchat</defName>
    <label>chitchat</label>
    <workerClass>InteractionWorker_ChitchatMWNL</workerClass>
    <symbol>Things/Mote/SpeechSymbols/Chitchat</symbol>
    <initiatorThought>Chitchat</initiatorThought>
    <initiatorXpGainSkill>Social</initiatorXpGainSkill>
    <initiatorXpGainAmount>4</initiatorXpGainAmount>
    <recipientThought>Chitchat</recipientThought>
    <logRulesInitiator>
      <rulesStrings>
        <li>logentry->Had a nice chat with [other_nameShortIndef].</li>
      </rulesStrings>
    </logRulesInitiator>
  </InteractionDef>
  
  <InteractionDef>
    <defName>DeepTalk</defName>
    <label>deep talk</label>
    <workerClass>InteractionWorker_DeepTalkMWNL</workerClass>
    <symbol>Things/Mote/SpeechSymbols/DeepTalk</symbol>
    <initiatorThought>DeepTalk</initiatorThought>
    <initiatorXpGainSkill>Social</initiatorXpGainSkill>
    <initiatorXpGainAmount>10</initiatorXpGainAmount>
    <recipientThought>DeepTalk</recipientThought>
    <logRulesInitiator>
      <rulesStrings>
        <li>logentry->Had a deep talk with [other_nameShortIndef].</li>
      </rulesStrings>
    </logRulesInitiator>
  </InteractionDef>
  
  <InteractionDef>
    <defName>Slight</defName>
    <label>slight</label>
    <workerClass>InteractionWorker_SlightMWNL</workerClass>
    <symbol>Things/Mote/SpeechSymbols/Slight</symbol>
    <socialFightBaseChance>0.005</socialFightBaseChance>
    <recipientThought>Slighted</recipientThought>
    <logRulesInitiator>
      <rulesStrings>
        <li>logentry->Slighted [other_nameShortIndef].</li>
      </rulesStrings>
    </logRulesInitiator>
    <logRulesRecipient>
      <rulesStrings>
        <li>logentry->Was slighted by [other_nameShortIndef].</li>
      </rulesStrings>
    </logRulesRecipient>
  </InteractionDef>
  
  <InteractionDef>
    <defName>Insult</defName>
    <label>insult</label>
    <workerClass>InteractionWorker_InsultMWNL</workerClass>
    <symbol>Things/Mote/SpeechSymbols/Insult</symbol>
    <socialFightBaseChance>0.04</socialFightBaseChance>
    <recipientThought>Insulted</recipientThought>
    <logRulesInitiator>
      <rulesStrings>
        <li>logentry->Insulted [other_nameShortIndef].</li>
      </rulesStrings>
    </logRulesInitiator>
    <logRulesRecipient>
      <rulesStrings>
        <li>logentry->Was insulted by [other_nameShortIndef].</li>
      </rulesStrings>
    </logRulesRecipient>
  </InteractionDef>
  
  <InteractionDef>
    <defName>KindWords</defName>
    <label>kind words</label>
    <workerClass>InteractionWorker_KindWordsMWNL</workerClass>
    <symbol>Things/Mote/SpeechSymbols/KindWords</symbol>
    <socialFightBaseChance>0.04</socialFightBaseChance>
    <recipientThought>KindWords</recipientThought>
    <logRulesInitiator>
      <rulesStrings>
        <li>logentry->Said kind words to [other_nameShortIndef].</li>
      </rulesStrings>
    </logRulesInitiator>
    <logRulesRecipient>
      <rulesStrings>
        <li>logentry->Had kind words bestowed by [other_nameShortIndef].</li>
      </rulesStrings>
    </logRulesRecipient>
  </InteractionDef>
  
</Defs>
